{"Net_assets_share_type":{"Net_assets_share_type":1.0,"Numbre_of_Shares_outstanding":0.98509364,"NAV_share":0.9631705001,"NUMBER_unit_subsc":0.3838759214,"Amount_subsc":0.3931538929,"NUMBER_unit_repurch":-0.2234108041,"Amount_unit_repurch":-0.1915430439,"Dividend_share":-0.0082526895,"Date_pay_div":-0.008795549,"Pccy_dividend_share":null,"Total_Net_Assets":1.0},"Numbre_of_Shares_outstanding":{"Net_assets_share_type":0.98509364,"Numbre_of_Shares_outstanding":1.0,"NAV_share":0.9034735418,"NUMBER_unit_subsc":0.3664702101,"Amount_subsc":0.3728869129,"NUMBER_unit_repurch":-0.2146266504,"Amount_unit_repurch":-0.1833970769,"Dividend_share":-0.0047664477,"Date_pay_div":-0.0052996604,"Pccy_dividend_share":null,"Total_Net_Assets":0.98509364},"NAV_share":{"Net_assets_share_type":0.9631705001,"Numbre_of_Shares_outstanding":0.9034735418,"NAV_share":1.0,"NUMBER_unit_subsc":0.3763705821,"Amount_subsc":0.3892586587,"NUMBER_unit_repurch":-0.2232522909,"Amount_unit_repurch":-0.1924503846,"Dividend_share":-0.0149082871,"Date_pay_div":-0.015428586,"Pccy_dividend_share":null,"Total_Net_Assets":0.9631705001},"NUMBER_unit_subsc":{"Net_assets_share_type":0.3838759214,"Numbre_of_Shares_outstanding":0.3664702101,"NAV_share":0.3763705821,"NUMBER_unit_subsc":1.0,"Amount_subsc":0.9993940459,"NUMBER_unit_repurch":-0.0038250032,"Amount_unit_repurch":0.0085828064,"Dividend_share":0.1075700892,"Date_pay_div":0.1072674973,"Pccy_dividend_share":null,"Total_Net_Assets":0.3838759214},"Amount_subsc":{"Net_assets_share_type":0.3931538929,"Numbre_of_Shares_outstanding":0.3728869129,"NAV_share":0.3892586587,"NUMBER_unit_subsc":0.9993940459,"Amount_subsc":1.0,"NUMBER_unit_repurch":-0.0093934818,"Amount_unit_repurch":0.0033691014,"Dividend_share":0.105406532,"Date_pay_div":0.105094512,"Pccy_dividend_share":null,"Total_Net_Assets":0.3931538929},"NUMBER_unit_repurch":{"Net_assets_share_type":-0.2234108041,"Numbre_of_Shares_outstanding":-0.2146266504,"NAV_share":-0.2232522909,"NUMBER_unit_subsc":-0.0038250032,"Amount_subsc":-0.0093934818,"NUMBER_unit_repurch":1.0,"Amount_unit_repurch":0.9987687427,"Dividend_share":0.0186637112,"Date_pay_div":0.0190615686,"Pccy_dividend_share":null,"Total_Net_Assets":-0.2234108041},"Amount_unit_repurch":{"Net_assets_share_type":-0.1915430439,"Numbre_of_Shares_outstanding":-0.1833970769,"NAV_share":-0.1924503846,"NUMBER_unit_subsc":0.0085828064,"Amount_subsc":0.0033691014,"NUMBER_unit_repurch":0.9987687427,"Amount_unit_repurch":1.0,"Dividend_share":0.0142559256,"Date_pay_div":0.014635764,"Pccy_dividend_share":null,"Total_Net_Assets":-0.1915430439},"Dividend_share":{"Net_assets_share_type":-0.0082526895,"Numbre_of_Shares_outstanding":-0.0047664477,"NAV_share":-0.0149082871,"NUMBER_unit_subsc":0.1075700892,"Amount_subsc":0.105406532,"NUMBER_unit_repurch":0.0186637112,"Amount_unit_repurch":0.0142559256,"Dividend_share":1.0,"Date_pay_div":0.9999969179,"Pccy_dividend_share":null,"Total_Net_Assets":-0.0082526895},"Date_pay_div":{"Net_assets_share_type":-0.008795549,"Numbre_of_Shares_outstanding":-0.0052996604,"NAV_share":-0.015428586,"NUMBER_unit_subsc":0.1072674973,"Amount_subsc":0.105094512,"NUMBER_unit_repurch":0.0190615686,"Amount_unit_repurch":0.014635764,"Dividend_share":0.9999969179,"Date_pay_div":1.0,"Pccy_dividend_share":null,"Total_Net_Assets":-0.008795549},"Pccy_dividend_share":{"Net_assets_share_type":null,"Numbre_of_Shares_outstanding":null,"NAV_share":null,"NUMBER_unit_subsc":null,"Amount_subsc":null,"NUMBER_unit_repurch":null,"Amount_unit_repurch":null,"Dividend_share":null,"Date_pay_div":null,"Pccy_dividend_share":null,"Total_Net_Assets":null},"Total_Net_Assets":{"Net_assets_share_type":1.0,"Numbre_of_Shares_outstanding":0.98509364,"NAV_share":0.9631705001,"NUMBER_unit_subsc":0.3838759214,"Amount_subsc":0.3931538929,"NUMBER_unit_repurch":-0.2234108041,"Amount_unit_repurch":-0.1915430439,"Dividend_share":-0.0082526895,"Date_pay_div":-0.008795549,"Pccy_dividend_share":null,"Total_Net_Assets":1.0}}