{"Net_assets_share_type":{"Net_assets_share_type":1.0,"Numbre_of_Shares_outstanding":0.9929570042,"NAV_share":0.9346728214,"NUMBER_unit_subsc":0.6384133444,"Amount_subsc":0.6537395245,"NUMBER_unit_repurch":-0.2984438567,"Amount_unit_repurch":-0.2548920224,"Dividend_share":0.044455016,"Date_pay_div":0.044455016,"Pccy_dividend_share":null,"Total_Net_Assets":1.0},"Numbre_of_Shares_outstanding":{"Net_assets_share_type":0.9929570042,"Numbre_of_Shares_outstanding":1.0,"NAV_share":0.8877464425,"NUMBER_unit_subsc":0.639061307,"Amount_subsc":0.6501926235,"NUMBER_unit_repurch":-0.2545933415,"Amount_unit_repurch":-0.2115321285,"Dividend_share":0.0589622442,"Date_pay_div":0.0589622442,"Pccy_dividend_share":null,"Total_Net_Assets":0.9929570042},"NAV_share":{"Net_assets_share_type":0.9346728214,"Numbre_of_Shares_outstanding":0.8877464425,"NAV_share":1.0,"NUMBER_unit_subsc":0.5734033591,"Amount_subsc":0.5985701208,"NUMBER_unit_repurch":-0.3675096577,"Amount_unit_repurch":-0.3252423125,"Dividend_share":-0.0048925135,"Date_pay_div":-0.0048925135,"Pccy_dividend_share":null,"Total_Net_Assets":0.9346728214},"NUMBER_unit_subsc":{"Net_assets_share_type":0.6384133444,"Numbre_of_Shares_outstanding":0.639061307,"NAV_share":0.5734033591,"NUMBER_unit_subsc":1.0,"Amount_subsc":0.9986509419,"NUMBER_unit_repurch":-0.0219011025,"Amount_unit_repurch":0.0132068806,"Dividend_share":0.0338467037,"Date_pay_div":0.0338467037,"Pccy_dividend_share":null,"Total_Net_Assets":0.6384133444},"Amount_subsc":{"Net_assets_share_type":0.6537395245,"Numbre_of_Shares_outstanding":0.6501926235,"NAV_share":0.5985701208,"NUMBER_unit_subsc":0.9986509419,"Amount_subsc":1.0,"NUMBER_unit_repurch":-0.047667974,"Amount_unit_repurch":-0.0118317173,"Dividend_share":0.0340733741,"Date_pay_div":0.0340733741,"Pccy_dividend_share":null,"Total_Net_Assets":0.6537395245},"NUMBER_unit_repurch":{"Net_assets_share_type":-0.2984438567,"Numbre_of_Shares_outstanding":-0.2545933415,"NAV_share":-0.3675096577,"NUMBER_unit_subsc":-0.0219011025,"Amount_subsc":-0.047667974,"NUMBER_unit_repurch":1.0,"Amount_unit_repurch":0.9986573148,"Dividend_share":-0.0363940331,"Date_pay_div":-0.0363940331,"Pccy_dividend_share":null,"Total_Net_Assets":-0.2984438567},"Amount_unit_repurch":{"Net_assets_share_type":-0.2548920224,"Numbre_of_Shares_outstanding":-0.2115321285,"NAV_share":-0.3252423125,"NUMBER_unit_subsc":0.0132068806,"Amount_subsc":-0.0118317173,"NUMBER_unit_repurch":0.9986573148,"Amount_unit_repurch":1.0,"Dividend_share":-0.0335656665,"Date_pay_div":-0.0335656665,"Pccy_dividend_share":null,"Total_Net_Assets":-0.2548920224},"Dividend_share":{"Net_assets_share_type":0.044455016,"Numbre_of_Shares_outstanding":0.0589622442,"NAV_share":-0.0048925135,"NUMBER_unit_subsc":0.0338467037,"Amount_subsc":0.0340733741,"NUMBER_unit_repurch":-0.0363940331,"Amount_unit_repurch":-0.0335656665,"Dividend_share":1.0,"Date_pay_div":1.0,"Pccy_dividend_share":null,"Total_Net_Assets":0.044455016},"Date_pay_div":{"Net_assets_share_type":0.044455016,"Numbre_of_Shares_outstanding":0.0589622442,"NAV_share":-0.0048925135,"NUMBER_unit_subsc":0.0338467037,"Amount_subsc":0.0340733741,"NUMBER_unit_repurch":-0.0363940331,"Amount_unit_repurch":-0.0335656665,"Dividend_share":1.0,"Date_pay_div":1.0,"Pccy_dividend_share":null,"Total_Net_Assets":0.044455016},"Pccy_dividend_share":{"Net_assets_share_type":null,"Numbre_of_Shares_outstanding":null,"NAV_share":null,"NUMBER_unit_subsc":null,"Amount_subsc":null,"NUMBER_unit_repurch":null,"Amount_unit_repurch":null,"Dividend_share":null,"Date_pay_div":null,"Pccy_dividend_share":null,"Total_Net_Assets":null},"Total_Net_Assets":{"Net_assets_share_type":1.0,"Numbre_of_Shares_outstanding":0.9929570042,"NAV_share":0.9346728214,"NUMBER_unit_subsc":0.6384133444,"Amount_subsc":0.6537395245,"NUMBER_unit_repurch":-0.2984438567,"Amount_unit_repurch":-0.2548920224,"Dividend_share":0.044455016,"Date_pay_div":0.044455016,"Pccy_dividend_share":null,"Total_Net_Assets":1.0}}