{"Net_assets_share_type":{"Net_assets_share_type":1.0,"Numbre_of_Shares_outstanding":0.9986740733,"NAV_share":-0.4537349118,"NUMBER_unit_subsc":0.0520559926,"Amount_subsc":0.0519958184,"NUMBER_unit_repurch":0.2295523895,"Amount_unit_repurch":0.2278267765,"Dividend_share":-0.0926466666,"Date_pay_div":-0.0926466666,"Pccy_dividend_share":null,"Total_Net_Assets":1.0},"Numbre_of_Shares_outstanding":{"Net_assets_share_type":0.9986740733,"Numbre_of_Shares_outstanding":1.0,"NAV_share":-0.4970561945,"NUMBER_unit_subsc":0.0503461302,"Amount_subsc":0.0502885553,"NUMBER_unit_repurch":0.2341512123,"Amount_unit_repurch":0.2313310926,"Dividend_share":-0.0927181537,"Date_pay_div":-0.0927181537,"Pccy_dividend_share":null,"Total_Net_Assets":0.9986740733},"NAV_share":{"Net_assets_share_type":-0.4537349118,"Numbre_of_Shares_outstanding":-0.4970561945,"NAV_share":1.0,"NUMBER_unit_subsc":0.0048875189,"Amount_subsc":0.0048736492,"NUMBER_unit_repurch":-0.1851782135,"Amount_unit_repurch":-0.1663617229,"Dividend_share":0.0264724261,"Date_pay_div":0.0264724261,"Pccy_dividend_share":null,"Total_Net_Assets":-0.4537349118},"NUMBER_unit_subsc":{"Net_assets_share_type":0.0520559926,"Numbre_of_Shares_outstanding":0.0503461302,"NAV_share":0.0048875189,"NUMBER_unit_subsc":1.0,"Amount_subsc":0.9999997709,"NUMBER_unit_repurch":-0.0256592601,"Amount_unit_repurch":-0.0256640048,"Dividend_share":-0.0041426129,"Date_pay_div":-0.0041426129,"Pccy_dividend_share":null,"Total_Net_Assets":0.0520559926},"Amount_subsc":{"Net_assets_share_type":0.0519958184,"Numbre_of_Shares_outstanding":0.0502885553,"NAV_share":0.0048736492,"NUMBER_unit_subsc":0.9999997709,"Amount_subsc":1.0,"NUMBER_unit_repurch":-0.0256277092,"Amount_unit_repurch":-0.025632409,"Dividend_share":-0.0041375574,"Date_pay_div":-0.0041375574,"Pccy_dividend_share":null,"Total_Net_Assets":0.0519958184},"NUMBER_unit_repurch":{"Net_assets_share_type":0.2295523895,"Numbre_of_Shares_outstanding":0.2341512123,"NAV_share":-0.1851782135,"NUMBER_unit_subsc":-0.0256592601,"Amount_subsc":-0.0256277092,"NUMBER_unit_repurch":1.0,"Amount_unit_repurch":0.9987380736,"Dividend_share":-0.0252874753,"Date_pay_div":-0.0252874753,"Pccy_dividend_share":null,"Total_Net_Assets":0.2295523895},"Amount_unit_repurch":{"Net_assets_share_type":0.2278267765,"Numbre_of_Shares_outstanding":0.2313310926,"NAV_share":-0.1663617229,"NUMBER_unit_subsc":-0.0256640048,"Amount_subsc":-0.025632409,"NUMBER_unit_repurch":0.9987380736,"Amount_unit_repurch":1.0,"Dividend_share":-0.0253234613,"Date_pay_div":-0.0253234613,"Pccy_dividend_share":null,"Total_Net_Assets":0.2278267765},"Dividend_share":{"Net_assets_share_type":-0.0926466666,"Numbre_of_Shares_outstanding":-0.0927181537,"NAV_share":0.0264724261,"NUMBER_unit_subsc":-0.0041426129,"Amount_subsc":-0.0041375574,"NUMBER_unit_repurch":-0.0252874753,"Amount_unit_repurch":-0.0253234613,"Dividend_share":1.0,"Date_pay_div":1.0,"Pccy_dividend_share":null,"Total_Net_Assets":-0.0926466666},"Date_pay_div":{"Net_assets_share_type":-0.0926466666,"Numbre_of_Shares_outstanding":-0.0927181537,"NAV_share":0.0264724261,"NUMBER_unit_subsc":-0.0041426129,"Amount_subsc":-0.0041375574,"NUMBER_unit_repurch":-0.0252874753,"Amount_unit_repurch":-0.0253234613,"Dividend_share":1.0,"Date_pay_div":1.0,"Pccy_dividend_share":null,"Total_Net_Assets":-0.0926466666},"Pccy_dividend_share":{"Net_assets_share_type":null,"Numbre_of_Shares_outstanding":null,"NAV_share":null,"NUMBER_unit_subsc":null,"Amount_subsc":null,"NUMBER_unit_repurch":null,"Amount_unit_repurch":null,"Dividend_share":null,"Date_pay_div":null,"Pccy_dividend_share":null,"Total_Net_Assets":null},"Total_Net_Assets":{"Net_assets_share_type":1.0,"Numbre_of_Shares_outstanding":0.9986740733,"NAV_share":-0.4537349118,"NUMBER_unit_subsc":0.0520559926,"Amount_subsc":0.0519958184,"NUMBER_unit_repurch":0.2295523895,"Amount_unit_repurch":0.2278267765,"Dividend_share":-0.0926466666,"Date_pay_div":-0.0926466666,"Pccy_dividend_share":null,"Total_Net_Assets":1.0}}