{"Net_assets_share_type":{"Net_assets_share_type":1.0,"Numbre_of_Shares_outstanding":0.9988339402,"NAV_share":-0.3057018801,"NUMBER_unit_subsc":-0.1212778861,"Amount_subsc":-0.1213121399,"NUMBER_unit_repurch":0.086987373,"Amount_unit_repurch":0.0881706625,"Dividend_share":0.0408777642,"Date_pay_div":0.0408777642,"Pccy_dividend_share":null,"Total_Net_Assets":1.0},"Numbre_of_Shares_outstanding":{"Net_assets_share_type":0.9988339402,"Numbre_of_Shares_outstanding":1.0,"NAV_share":-0.3499382854,"NUMBER_unit_subsc":-0.1216555782,"Amount_subsc":-0.1216975944,"NUMBER_unit_repurch":0.0896032027,"Amount_unit_repurch":0.0903159107,"Dividend_share":0.0392390541,"Date_pay_div":0.0392390541,"Pccy_dividend_share":null,"Total_Net_Assets":0.9988339402},"NAV_share":{"Net_assets_share_type":-0.3057018801,"Numbre_of_Shares_outstanding":-0.3499382854,"NAV_share":1.0,"NUMBER_unit_subsc":0.0436005004,"Amount_subsc":0.0437630885,"NUMBER_unit_repurch":-0.1078578619,"Amount_unit_repurch":-0.0993533561,"Dividend_share":0.0188607109,"Date_pay_div":0.0188607109,"Pccy_dividend_share":null,"Total_Net_Assets":-0.3057018801},"NUMBER_unit_subsc":{"Net_assets_share_type":-0.1212778861,"Numbre_of_Shares_outstanding":-0.1216555782,"NAV_share":0.0436005004,"NUMBER_unit_subsc":1.0,"Amount_subsc":0.9999997497,"NUMBER_unit_repurch":-0.018842162,"Amount_unit_repurch":-0.0190514586,"Dividend_share":-0.0042539013,"Date_pay_div":-0.0042539013,"Pccy_dividend_share":null,"Total_Net_Assets":-0.1212778861},"Amount_subsc":{"Net_assets_share_type":-0.1213121399,"Numbre_of_Shares_outstanding":-0.1216975944,"NAV_share":0.0437630885,"NUMBER_unit_subsc":0.9999997497,"Amount_subsc":1.0,"NUMBER_unit_repurch":-0.0190237302,"Amount_unit_repurch":-0.0192207794,"Dividend_share":-0.0042480909,"Date_pay_div":-0.0042480909,"Pccy_dividend_share":null,"Total_Net_Assets":-0.1213121399},"NUMBER_unit_repurch":{"Net_assets_share_type":0.086987373,"Numbre_of_Shares_outstanding":0.0896032027,"NAV_share":-0.1078578619,"NUMBER_unit_subsc":-0.018842162,"Amount_subsc":-0.0190237302,"NUMBER_unit_repurch":1.0,"Amount_unit_repurch":0.9995384727,"Dividend_share":-0.0211761517,"Date_pay_div":-0.0211761517,"Pccy_dividend_share":null,"Total_Net_Assets":0.086987373},"Amount_unit_repurch":{"Net_assets_share_type":0.0881706625,"Numbre_of_Shares_outstanding":0.0903159107,"NAV_share":-0.0993533561,"NUMBER_unit_subsc":-0.0190514586,"Amount_subsc":-0.0192207794,"NUMBER_unit_repurch":0.9995384727,"Amount_unit_repurch":1.0,"Dividend_share":-0.0212497327,"Date_pay_div":-0.0212497327,"Pccy_dividend_share":null,"Total_Net_Assets":0.0881706625},"Dividend_share":{"Net_assets_share_type":0.0408777642,"Numbre_of_Shares_outstanding":0.0392390541,"NAV_share":0.0188607109,"NUMBER_unit_subsc":-0.0042539013,"Amount_subsc":-0.0042480909,"NUMBER_unit_repurch":-0.0211761517,"Amount_unit_repurch":-0.0212497327,"Dividend_share":1.0,"Date_pay_div":1.0,"Pccy_dividend_share":null,"Total_Net_Assets":0.0408777642},"Date_pay_div":{"Net_assets_share_type":0.0408777642,"Numbre_of_Shares_outstanding":0.0392390541,"NAV_share":0.0188607109,"NUMBER_unit_subsc":-0.0042539013,"Amount_subsc":-0.0042480909,"NUMBER_unit_repurch":-0.0211761517,"Amount_unit_repurch":-0.0212497327,"Dividend_share":1.0,"Date_pay_div":1.0,"Pccy_dividend_share":null,"Total_Net_Assets":0.0408777642},"Pccy_dividend_share":{"Net_assets_share_type":null,"Numbre_of_Shares_outstanding":null,"NAV_share":null,"NUMBER_unit_subsc":null,"Amount_subsc":null,"NUMBER_unit_repurch":null,"Amount_unit_repurch":null,"Dividend_share":null,"Date_pay_div":null,"Pccy_dividend_share":null,"Total_Net_Assets":null},"Total_Net_Assets":{"Net_assets_share_type":1.0,"Numbre_of_Shares_outstanding":0.9988339402,"NAV_share":-0.3057018801,"NUMBER_unit_subsc":-0.1212778861,"Amount_subsc":-0.1213121399,"NUMBER_unit_repurch":0.086987373,"Amount_unit_repurch":0.0881706625,"Dividend_share":0.0408777642,"Date_pay_div":0.0408777642,"Pccy_dividend_share":null,"Total_Net_Assets":1.0}}